<?xml version="1.0" encoding="UTF-8"?>
<component type="desktop-application">
  <id>org.lxde.gpicview</id>
  <launchable type="desktop-id">gpicview.desktop</launchable>
  <name>Image Viewer</name>
  <summary>View your images easily</summary>
  <metadata_license>CC0-1.0</metadata_license>
  <project_license>GPL-2.0</project_license>
  <developer_name>LXDE team</developer_name>
  <description>
    <p>GPicView is the standard picture viewer of LXDE. GPicView features lightning fast startup and an intuitive interface.</p>
    <p>Features:</p>
    <ul>
      <li>Extremely lightweight and fast with low memory usage</li>
      <li>Very suitable for default image viewer of a desktop system</li>
      <li>Simple and intuitive interface</li>
      <li>Minimal lib dependency: Only pure GTK is used</li>
      <li>Desktop independent: Doesn't require any specific desktop environment</li>
    </ul>
  </description>
  <screenshots>
    <screenshot type="default">
      <image>https://wiki.lxde.org/en/images/9/9e/Gpicview.png</image>
    </screenshot>
  </screenshots>
  <url type="bugtracker">https://sourceforge.net/p/lxde/bugs/search/?q=labels:gpicview</url>
  <url type="homepage">https://www.lxde.org/</url>
  <translation type="gettext">gpicview</translation>
</component>
