{
  "aclocal": "automake",
  "ar": "binutils",
  "as": "binutils",
  "autoconf": "autoconf",
  "automake": "automake",
  "autoreconf": "autoconf",
  "awk": "busybox",
  "bash": "bash",
  "bison": "bison",
  "bzip2": "busybox",
  "cargo": "rust",
  "cmake": "cmake",
  "fc-cache": "fontconfig",
  "fc-list": "fontconfig",
  "fc-match": "fontconfig",
  "find": "busybox",
  "flex": "flex",
  "g++": "gcc",
  "gcc": "gcc",
  "git": "git",
  "grep": "busybox",
  "gzip": "busybox",
  "install": "busybox",
  "jwm": "jwm",
  "ld": "binutils",
  "libtool": "libtool",
  "loadkeys": "kbd",
  "login": "shadow",
  "m4": "m4",
  "make": "make",
  "meson": "meson",
  "ninja": "ninja",
  "passwd": "shadow",
  "perl": "perl",
  "pkg-config": "pkg-config",
  "python": "python3",
  "python3": "python3",
  "ranlib": "binutils",
  "rustc": "rust",
  "sed": "busybox",
  "setfont": "kbd",
  "strip": "binutils",
  "su": "shadow",
  "tar": "busybox",
  "unzip": "busybox",
  "xinit": "xinit",
  "xterm": "xterm",
  "xz": "busybox"
}